research|rɪˈsɜːrtʃ|n./v.|研究；调查|They conduct research at the lab.|他们在实验室做研究。|学术与科研
experiment|ɪkˈsperɪmənt|n.|实验；试验|Let us run this experiment together.|我们一起做这个实验。|学术与科研
theory|ˈθɪri|n.|理论；学说|The theory explains the phenomenon.|该理论解释了这一现象。|学术与科研
data|ˈdeɪtə|n.|数据；资料|We collected data from students.|我们从学生那里收集了数据。|学术与科研
analysis|əˈnæləsɪs|n.|分析；化验|The analysis shows a clear trend.|分析显示出一个明显趋势。|学术与科研
study|ˈstʌdi|n./v.|研究；学习|The study lasted two years.|这项研究持续了两年。|学术与科研
conclusion|kənˈkluːʒn|n.|结论；推论|We reached a solid conclusion.|我们得出了扎实的结论。|学术与科研
evidence|ˈevɪdəns|n.|证据；证明|There is strong evidence for it.|有强有力的证据支持它。|学术与科研
method|ˈmeθəd|n.|方法；办法|This method is widely used.|这种方法被广泛使用。|学术与科研
result|rɪˈzʌlt|n./v.|结果；导致|The results are quite surprising.|结果相当令人惊讶。|学术与科研
sample|ˈsæmpl|n./v.|样本；抽样|We took a random sample.|我们抽取了一个随机样本。|学术与科研
survey|ˈsɜːrveɪ|n./v.|调查；测量|A survey was conducted last week.|上周进行了一项调查。|学术与科研
article|ˈɑːrtɪkl|n.|文章；论文|She published an article in June.|她在六月发表了一篇文章。|学术与科研
journal|ˈdʒɜːrnl|n.|期刊；杂志|The journal is highly respected.|这本期刊备受尊重。|学术与科研
paper|ˈpeɪpər|n.|论文；报纸|His paper focused on climate.|他的论文聚焦于气候。|学术与科研
citation|saɪˈteɪʃn|n.|引用；引文|Please add a citation here.|请在这里加一处引用。|学术与科研
reference|ˈrefərəns|n.|参考；参考文献|List all references at the end.|在末尾列出所有参考文献。|学术与科研
hypothesis|haɪˈpɑːθəsɪs|n.|假设；假说|The hypothesis needs more testing.|该假设需要更多验证。|学术与科研
assumption|əˈsʌmpʃn|n.|假设；假定|Check your assumption first.|先检查你的假设。|学术与科研
variable|ˈveriəbl|n./adj.|变量；可变的|This variable affects the outcome.|这个变量影响结果。|学术与科研
control|kənˈtroʊl|n./v.|对照；控制|We used a control group.|我们使用了一个对照组。|学术与科研
factor|ˈfæktər|n.|因素；要素|Cost is an important factor.|成本是一个重要因素。|学术与科研
correlation|ˌkɔːrəˈleɪʃn|n.|相关性；关联|There is a positive correlation.|存在正相关性。|学术与科研
constant|ˈkɑːnstənt|n./adj.|常数；恒定的|Keep the temperature constant.|保持温度恒定。|学术与科研
measurement|ˈmeʒərmənt|n.|测量；衡量|Precise measurement is essential.|精确测量至关重要。|学术与科研
observation|ˌɑːbzərˈveɪʃn|n.|观察；观测|Careful observation reveals details.|仔细观察揭示出细节。|学术与科研
statistics|stəˈtɪstɪks|n.|统计学；统计|Statistics support our claim.|统计支持我们的主张。|学术与科研
probability|ˌprɑːbəˈbɪləti|n.|概率；可能性|The probability is very low.|这个概率非常低。|学术与科研
percent|pərˈsent|n.|百分比|About ten percent agreed.|大约百分之十的人同意。|学术与科研
ratio|ˈreɪʃioʊ|n.|比率；比例|The ratio changed over time.|该比率随时间变化。|学术与科研
trend|trend|n./v.|趋势；走向|The trend is clear now.|现在趋势很清晰。|学术与科研
average|ˈævərɪdʒ|n./adj.|平均；平均的|The average score is high.|平均分数很高。|学术与科研
median|ˈmiːdiən|n./adj.|中位数；中间的|The median income rose.|中位数收入上升了。|学术与科研
standard|ˈstændərd|n./adj.|标准；标准的|Set a higher standard please.|请设定更高的标准。|学术与科研
device|dɪˈvaɪs|n.|设备；装置|This device measures pressure.|这个设备测量压力。|学术与科研
instrument|ˈɪnstrəmənt|n.|仪器；工具|The instrument is very precise.|这台仪器非常精确。|学术与科研
microscope|ˈmaɪkrəskoʊp|n.|显微镜|Look under the microscope.|在显微镜下看一看。|学术与科研
laboratory|ləˈbɔːrətɔːri|n.|实验室|The laboratory opens early.|实验室很早就开门。|学术与科研
specimen|ˈspesɪmən|n.|标本；样品|This specimen is well preserved.|这个标本保存得很好。|学术与科研
particle|ˈpɑːrtɪkl|n.|粒子；颗粒|The particle moves very fast.|这个粒子移动得很快。|学术与科研
molecule|ˈmɑːlɪkjuːl|n.|分子|The molecule is quite large.|这个分子相当大。|学术与科研
compound|ˈkɑːmpaʊnd|n./adj.|化合物；复合的|This compound is unstable.|这种化合物不稳定。|学术与科研
process|ˈprɑːses|n./v.|过程；加工|The process is complex.|这个过程很复杂。|学术与科研
procedure|prəˈsiːdʒər|n.|程序；步骤|Follow the standard procedure.|遵循标准程序。|学术与科研
technique|tekˈniːk|n.|技术；技巧|This technique is very effective.|这种技术非常有效。|学术与科研
technology|tekˈnɑːlədʒi|n.|技术；科技|Technology changes fast.|技术变化很快。|学术与科研
innovation|ˌɪnəˈveɪʃn|n.|创新；革新|Innovation drives progress.|创新推动进步。|学术与科研
discovery|dɪˈskʌvəri|n.|发现|This discovery is important.|这个发现很重要。|学术与科研
finding|ˈfaɪndɪŋ|n.|发现；研究结果|The findings were published.|研究结果已发表。|学术与科研
insight|ˈɪnsaɪt|n.|洞察；见解|We gained a useful insight.|我们获得了有用的洞见。|学术与科研
implication|ˌɪmplɪˈkeɪʃn|n.|含义；影响|This has broad implications.|这有广泛的影响。|学术与科研
contribution|ˌkɑːntrɪˈbjuːʃn|n.|贡献；投稿|This is a major contribution.|这是一项重大贡献。|学术与科研
aspect|ˈæspekt|n.|方面；层面|We examined every aspect.|我们检查了每个方面。|学术与科研
perspective|pərˈspektɪv|n.|观点；视角|We need a new perspective.|我们需要一个新视角。|学术与科研
approach|əˈproʊtʃ|n./v.|方法；接近|This approach works well.|这种方法效果很好。|学术与科研
framework|ˈfreɪmwɜːrk|n.|框架；体系|A clear framework helps a lot.|清晰的框架大有帮助。|学术与科研
model|ˈmɑːdl|n./v.|模型；建模|This model fit the data.|这个模型拟合了数据。|学术与科研
prediction|prɪˈdɪkʃn|n.|预测；预言|The prediction was accurate.|这一预测是准确的。|学术与科研
estimate|ˈestɪmət|n./v.|估计；估算|We estimate the cost roughly.|我们粗略估算成本。|学术与科研
measure|ˈmeʒər|n./v.|测量；措施|Measure the length precisely.|精确测量长度。|学术与科研
calculate|ˈkælkjuleɪt|v.|计算；推算|Calculate the total sum.|计算总和的数值。|学术与科研
compute|kəmˈpjuːt|v.|计算；运算|Compute it with software.|用软件来计算它。|学术与科研
analyze|ˈænəlaɪz|v.|分析；解析|Let us analyze the results.|让我们分析一下结果。|学术与科研
evaluate|ɪˈvæljueɪt|v.|评估；评价|We evaluate the data weekly.|我们每周评估数据。|学术与科研
assess|əˈses|v.|评估；评定|Assess the risk first.|先评估一下风险。|学术与科研
compare|kəmˈper|v.|比较；对照|Compare the two results.|比较这两个结果。|学术与科研
contrast|ˈkɑːntræst|n./v.|对比；对照|There is a sharp contrast.|存在鲜明对比。|学术与科研
identify|aɪˈdentɪfaɪ|v.|识别；确认|We identify the key factors.|我们识别出关键因素。|学术与科研
confirm|kənˈfɜːrm|v.|确认；证实|The tests confirm the result.|测试证实了这一结果。|学术与科研
prove|pruːv|v.|证明；证实|This will prove the idea.|这将证明这个想法。|学术与科研
verify|ˈverɪfaɪ|v.|核实；验证|Verify the source carefully.|仔细核实这个来源。|学术与科研
validate|ˈvælɪdeɪt|v.|验证；确认|We validate every measurement.|我们验证每一项测量。|学术与科研
observe|əbˈzɜːrv|v.|观察；注意到|Observe the change closely.|密切观察变化。|学术与科研
investigate|ɪnˈvestɪɡeɪt|v.|调查；研究|Investigate the cause now.|现在调查这个原因。|学术与科研
explore|ɪkˈsplɔːr|v.|探索；探究|We explore new methods.|我们探索新的方法。|学术与科研
examine|ɪɡˈzæmɪn|v.|检查；审查|Examine the sample closely.|仔细检查这个样品。|学术与科研
inspect|ɪnˈspekt|v.|检查；查验|Inspect the equipment first.|先检查这台设备。|学术与科研
monitor|ˈmɑːnɪtər|v./n.|监测；监控|Monitor the data daily.|每天监测这些数据。|学术与科研
derive|dɪˈraɪv|v.|派生；得出|We derive the formula here.|我们在这里推导公式。|学术与科研
deduce|dɪˈduːs|v.|推断；演绎|We deduce the answer easily.|我们很容易推断出答案。|学术与科研
infer|ɪnˈfɜːr|v.|推断；推论|We can infer the result.|我们可以推断出结果。|学术与科研
interpret|ɪnˈtɜːrprət|v.|解释；解读|Interpret the graph correctly.|正确解读这张图表。|学术与科研
illustrate|ˈɪləstreɪt|v.|说明；举例|The chart illustrates the point.|该图表说明了这一点。|学术与科研
demonstrate|ˈdemənstreɪt|v.|证明；演示|We demonstrate the theory.|我们演示这一理论。|学术与科研
define|dɪˈfaɪn|v.|定义；界定|First define the terms.|首先定义这些术语。|学术与科研
describe|dɪˈskraɪb|v.|描述；形容|Describe the process briefly.|简要描述这个过程。|学术与科研
explain|ɪkˈspleɪn|v.|解释；说明|Explain the result clearly.|清晰地解释这个结果。|学术与科研
summarize|ˈsʌməraɪz|v.|总结；概括|Summarize the main points.|总结一下要点。|学术与科研
conclude|kənˈkluːd|v.|总结；得出结论|We conclude the study today.|我们今天结束这项研究。|学术与科研
argue|ˈɑːrɡjuː|v.|论证；主张|They argue against the view.|他们反驳这一观点。|学术与科研
challenge|ˈtʃælɪndʒ|v./n.|挑战；质疑|This challenges the old theory.|这挑战了旧理论。|学术与科研
propose|prəˈpoʊz|v.|提出；建议|We propose a new method.|我们提出一种新方法。|学术与科研
suggest|səˈdʒest|v.|建议；表明|The data suggest a change.|数据表明有变化。|学术与科研
hypothesize|haɪˈpɑːθəsaɪz|v.|假设；猜想|We hypothesize the cause.|我们推测其成因。|学术与科研
assume|əˈsuːm|v.|假定；认为|We assume it works.|我们假定它是有效的。|学术与科研
constitute|ˈkɑːnstɪtuːt|v.|构成；组成|These cells constitute the tissue.|这些细胞构成组织。|学术与科研
design|dɪˈzaɪn|v./n.|设计；方案|We design a new survey.|我们设计一项新调查。|学术与科研
conduct|kənˈdʌkt|v.|进行；实施|We conduct an interview.|我们进行了一次访谈。|学术与科研
perform|pərˈfɔːrm|v.|执行；表现|Perform the test again.|再执行一次测试。|学术与科研
obtain|əbˈteɪn|v.|获得；得到|We obtain the results today.|我们今天得到结果。|学术与科研
collect|kəˈlekt|v.|收集；采集|Collect the samples now.|现在收集样品。|学术与科研
gather|ˈɡæðər|v.|收集；聚集|We gather enough evidence.|我们收集了足够证据。|学术与科研
record|ˈrekərd|n./v.|记录；录音|Record the data exactly.|准确记录这些数据。|学术与科研
document|ˈdɑːkjəmənt|n./v.|文档；记录|Document your findings well.|好好记录你的发现。|学术与科研
publish|ˈpʌblɪʃ|v.|出版；发表|They publish the paper soon.|他们很快发表这篇论文。|学术与科研
present|prɪˈzent|v.|展示；呈现|We present our findings.|我们展示我们的发现。|学术与科研
report|rɪˈpɔːrt|v./n.|报告；报道|Report the change clearly.|清晰报告这一变化。|学术与科研
contribute|kənˈtrɪbjuːt|v.|贡献；投稿|We contribute to the field.|我们为该领域做贡献。|学术与科研
create|kriˈeɪt|v.|创造；创建|Create a simple diagram.|创建一个简单的图表。|学术与科研
develop|dɪˈveləp|v.|发展；开发|We develop a new theory.|我们发展了一种新理论。|学术与科研
improve|ɪmˈpruːv|v.|改进；提高|We improve the method.|我们改进了方法。|学术与科研
refine|rɪˈfaɪn|v.|改进；提炼|Refine the procedure slightly.|稍微改进这个程序。|学术与科研
advance|ədˈvæns|v./n.|推进；进步|Science advances every day.|科学每天都在进步。|学术与科研
discover|dɪˈskʌvər|v.|发现|We discover a new element.|我们发现了一种新元素。|学术与科研
invent|ɪnˈvent|v.|发明|They invented the device.|他们发明了这个装置。|学术与科研
innovate|ˈɪnəveɪt|v.|创新；革新|We innovate in research.|我们在研究中创新。|学术与科研
predict|prɪˈdɪkt|v.|预测|We predict the outcome.|我们预测结果。|学术与科研
replicate|ˈreplɪkeɪt|v.|重复；复制|Replicate the experiment.|重复这个实验。|学术与科研
reproduce|ˌriːprəˈduːs|v.|再现；复制|We reproduce the result.|我们重现了这一结果。|学术与科研
review|rɪˈvjuː|n./v.|综述；审查|The review is comprehensive.|这篇综述很全面。|学术与科研
revise|rɪˈvaɪz|v.|修订；修改|Please revise the draft.|请修改这份草稿。|学术与科研
edit|ˈedɪt|v.|编辑；剪辑|Edit the paper carefully.|仔细编辑这篇论文。|学术与科研
questionnaire|ˌkwestʃəˈner|n.|问卷；调查表|We designed a questionnaire.|我们设计了一份问卷。|学术与科研
interview|ˈɪntərvjuː|n./v.|访谈；面试|The interview lasted an hour.|访谈持续了一小时。|学术与科研
focus|ˈfoʊkəs|n./v.|焦点；集中|Focus on the key issue.|聚焦关键问题。|学术与科研
objective|əbˈdʒektɪv|n./adj.|目标；客观的|The objective is clear.|目标很明确。|学术与科研
scope|skoʊp|n.|范围；领域|This is beyond our scope.|这超出了我们的范围。|学术与科研
field|fiːld|n.|领域；田野|This is a growing field.|这是一个不断发展的领域。|学术与科研
discipline|ˈdɪsəplɪn|n.|学科；纪律|This is a new discipline.|这是一门新学科。|学术与科研
domain|doʊˈmeɪn|n.|领域；范围|This falls outside my domain.|这不在我的领域内。|学术与科研
content|ˈkɑːntent|n.|内容；目录|The content is very rich.|内容非常丰富。|学术与科研
summary|ˈsʌməri|n.|摘要；总结|Write a short summary.|写一个简短摘要。|学术与科研
abstract|ˈæbstrækt|n./adj.|摘要；抽象的|Read the abstract first.|先读摘要。|学术与科研
appendix|əˈpendɪks|n.|附录|See the appendix for notes.|见附录中的说明。|学术与科研
chapter|ˈtʃæptər|n.|章节|Read the next chapter.|读下一章。|学术与科研
section|ˈsekʃn|n.|部分；章节|This section is important.|这一部分很重要。|学术与科研
paragraph|ˈpærəɡræf|n.|段落|Write a short paragraph.|写一个简短的段落。|学术与科研
table|ˈteɪbl|n.|表格；目录|The table shows the data.|表格显示了数据。|学术与科研
figure|ˈfɪɡjər|n.|图表；数字|Figure two shows the trend.|图二显示了趋势。|学术与科研
chart|tʃɑːrt|n.|图表|The chart is easy to read.|这张图很容易读懂。|学术与科研
diagram|ˈdaɪəɡræm|n.|图表；示意图|The diagram explains it.|示意图解释了这一点。|学术与科研
graph|ɡræf|n.|曲线图|The graph rises sharply.|曲线图急剧上升。|学术与科研
curve|kɜːrv|n.|曲线|The curve is smooth.|这条曲线很平滑。|学术与科研
axis|ˈæksɪs|n.|轴；轴线|Check the horizontal axis.|检查横轴。|学术与科研
coordinate|koʊˈɔːrdɪnət|n./v.|坐标；协调|Mark the coordinate clearly.|清楚标记坐标。|学术与科研
label|ˈleɪbl|n./v.|标签；标注|Label each sample accordingly.|给每个样品贴上标签。|学术与科研
scale|skeɪl|n.|刻度；规模|Check the scale of the graph.|检查图表的刻度。|学术与科研
range|reɪndʒ|n./v.|范围；排列|The range is quite wide.|这个范围相当广。|学术与科研
interval|ˈɪntərvl|n.|间隔；区间|Use a short interval here.|这里用一个短间隔。|学术与科研
distribution|ˌdɪstrɪˈbjuːʃn|n.|分布；分配|The distribution is normal.|该分布是正态的。|学术与科研
frequency|ˈfriːkwənsi|n.|频率；次数|The frequency is high.|频率很高。|学术与科研
magnitude|ˈmæɡnɪtuːd|n.|大小；量级|The magnitude is significant.|其量级是显著的。|学术与科研
dimension|daɪˈmenʃn|n.|维度；尺寸|Measure the dimension first.|先测量尺寸。|学术与科研
volume|ˈvɑːljuːm|n.|体积；卷|The volume is unchanged.|体积没有变化。|学术与科研
density|ˈdensəti|n.|密度|Density affects the result.|密度影响结果。|学术与科研
mass|mæs|n.|质量；大量|The mass is easy to find.|质量很容易求出。|学术与科研
pressure|ˈpreʃər|n.|压力；压强|Pressure changes rapidly.|压力变化很快。|学术与科研
temperature|ˈtemprətʃər|n.|温度|Record the temperature now.|现在记录温度。|学术与科研
reaction|riˈækʃn|n.|反应；作用|The reaction is very fast.|这个反应非常快。|学术与科研
solution|səˈluːʃn|n.|溶液；解答|Prepare a dilute solution.|配制一份稀溶液。|学术与科研
substance|ˈsʌbstəns|n.|物质；实质|The substance is organic.|这种物质是有机的。|学术与科研
element|ˈelɪmənt|n.|元素；要素|This is a common element.|这是一种常见元素。|学术与科研
symbol|ˈsɪmbl|n.|符号；象征|Write the chemical symbol.|写下化学符号。|学术与科研
formula|ˈfɔːrmjələ|n.|公式；配方|Remember this formula.|记住这个公式。|学术与科研
equation|ɪˈkweɪʒn|n.|等式；方程|Solve the equation correctly.|正确解这个方程。|学术与科研
root|ruːt|n.|根；根源|Find the root of the issue.|找到问题的根源。|学术与科研
conference|ˈkɑːnfərəns|n.|会议；研讨会|The conference starts today.|会议今天开始。|学术与科研
seminar|ˈsemɪnɑːr|n.|研讨课；研讨会|The seminar is very useful.|这次研讨会有用。|学术与科研
lecture|ˈlektʃər|n./v.|讲座；讲课|The lecture was engaging.|这场讲座引人入胜。|学术与科研
symposium|sɪmˈpoʊziəm|n.|研讨会；座谈会|We attend a symposium.|我们参加了一场研讨会。|学术与科研
presentation|ˌpreznˈteɪʃn|n.|展示；报告|Her presentation was clear.|她的演示很清晰。|学术与科研
discussion|dɪˈskʌʃn|n.|讨论；商议|The discussion was productive.|这次讨论很有成效。|学术与科研
debate|dɪˈbeɪt|n./v.|辩论；争论|The debate lasted two hours.|辩论持续了两小时。|学术与科研
panel|ˈpænl|n.|专家组；讨论小组|The panel answered questions.|专家组回答了问题。|学术与科研
audience|ˈɔːdiəns|n.|听众；观众|The audience listened carefully.|听众认真聆听。|学术与科研
speaker|ˈspiːkər|n.|演讲者；发言人|The speaker is very famous.|这位演讲者很有名。|学术与科研
expert|ˈekspɜːrt|n.|专家；能手|She is a leading expert.|她是一位顶尖专家。|学术与科研
scholar|ˈskɑːlər|n.|学者|He is a famous scholar.|他是一位著名学者。|学术与科研
professor|prəˈfesər|n.|教授|The professor gave a talk.|教授做了一次演讲。|学术与科研
researcher|rɪˈsɜːrtʃər|n.|研究人员|The researcher asked questions.|研究员问了问题。|学术与科研
scientist|ˈsaɪəntɪst|n.|科学家|The scientist shared data.|科学家分享了数据。|学术与科研
author|ˈɔːθər|n.|作者|The author is a biologist.|作者是一位生物学家。|学术与科研
colleague|ˈkɑːliːɡ|n.|同事|I discussed it with colleagues.|我和同事们讨论过它。|学术与科研
collaboration|kəˌlæbəˈreɪʃn|n.|合作；协作|The collaboration works well.|这次合作很顺利。|学术与科研
teamwork|ˈtiːmwɜːrk|n.|团队合作|Teamwork improves research.|团队合作提升研究。|学术与科研
project|ˈprɑːdʒekt|n.|项目；计划|The project is on time.|项目按时进行。|学术与科研
program|ˈproʊɡræm|n.|项目；程序|This program trains scholars.|该项目培养学者。|学术与科研
institute|ˈɪnstɪtuːt|n.|研究所；学院|The institute funds research.|该研究所资助研究。|学术与科研
university|ˌjuːnɪˈvɜːrsəti|n.|大学|The university is large.|这所大学很大。|学术与科研
campus|ˈkæmpəs|n.|校园|The campus is beautiful.|校园很漂亮。|学术与科研
degree|dɪˈɡriː|n.|学位；程度|She earned a PhD degree.|她获得了博士学位。|学术与科研
thesis|ˈθiːsɪs|n.|论文；学位论文|He wrote a master thesis.|他写了一篇硕士论文。|学术与科研
dissertation|ˌdɪsərˈteɪʃn|n.|博士论文；论述|Her dissertation is complete.|她的博士论文完成了。|学术与科研
scholarship|ˈskɑːlərʃɪp|n.|奖学金；学术|He won a big scholarship.|他获得了大额奖学金。|学术与科研
funding|ˈfʌndɪŋ|n.|资金；资助|The project lacks funding.|该项目缺乏资金。|学术与科研
grant|ɡrænt|n./v.|拨款；授予|They applied for a grant.|他们申请了一笔拨款。|学术与科研
budget|ˈbʌdʒɪt|n.|预算|The budget is limited.|预算是有限的。|学术与科研
resource|ˈriːsɔːrs|n.|资源|We have limited resources.|我们的资源有限。|学术与科研
tool|tuːl|n.|工具；手段|This tool is very handy.|这个工具很好用。|学术与科研
database|ˈdeɪtəbeɪs|n.|数据库|The database is updated.|数据库已更新。|学术与科研
