environment|ɪnˈvaɪrənmənt|n.|环境；自然环境|Protecting the environment is our duty.|保护环境是我们的责任。|环境与文化
environmental|ɪnˌvaɪrənˈmentl|adj.|环境的|Environmental issues need action.|环境问题需要行动。|环境与文化
pollution|pəˈluːʃn|n.|污染|Air pollution is a serious problem.|空气污染是一个严重的问题。|环境与文化
climate|ˈklaɪmət|n.|气候|The climate is changing fast.|气候正在快速变化。|环境与文化
climate change|ˈklaɪmət tʃeɪndʒ|phr.|气候变化|Climate change affects farming.|气候变化影响农业。|环境与文化
global warming|ˈɡloʊbl ˈwɔːrmɪŋ|phr.|全球变暖|Global warming raises sea levels.|全球变暖使海平面上升。|环境与文化
global|ˈɡloʊbl|adj.|全球的|Global warming affects everyone.|全球变暖影响每一个人。|环境与文化
warming|ˈwɔːrmɪŋ|n.|变暖|Global warming is a big concern.|全球变暖是一个重大担忧。|环境与文化
greenhouse|ˈɡriːnhaʊs|n.|温室；温室气体|Greenhouse gases trap heat.|温室气体捕获热量。|环境与文化
carbon|ˈkɑːrbən|n.|碳|Carbon emissions must be reduced.|必须减少碳排放。|环境与文化
emission|ɪˈmɪʃn|n.|排放|The city cut its carbon emissions.|这座城市减少了碳排放。|环境与文化
energy|ˈenərdʒi|n.|能量；能源|Solar energy is clean and cheap.|太阳能清洁又便宜。|环境与文化
renewable|rɪˈnuːəbl|adj.|可再生的|Wind power is a renewable resource.|风能是一种可再生资源。|环境与文化
renewable energy|rɪˈnuːəbl ˈenərdʒi|phr.|可再生能源|Renewable energy is growing fast.|可再生能源发展迅速。|环境与文化
sustainable|səˈsteɪnəbl|adj.|可持续的|We need sustainable development plans.|我们需要可持续发展计划。|环境与文化
conservation|ˌkɑːnsərˈveɪʃn|n.|保护；保存|Wildlife conservation needs more funding.|野生动物保护需要更多资金。|环境与文化
conserve|kənˈsɜːrv|v.|节约；保护|Conserve water and electricity.|节约水电。|环境与文化
preserve|prɪˈzɜːrv|v.|保护；保存|We preserve old buildings here.|我们在这里保护古建筑。|环境与文化
preservation|ˌprezərˈveɪʃn|n.|保护；保存|Historic preservation is important.|历史保护很重要。|环境与文化
protect|prəˈtekt|v.|保护|We protect endangered animals.|我们保护濒危动物。|环境与文化
restore|rɪˈstɔːr|v.|恢复；修复|They restored the old bridge.|他们修复了这座古桥。|环境与文化
ecosystem|ˈiːkoʊsɪstəm|n.|生态系统|The forest is a fragile ecosystem.|森林是一个脆弱的生态系统。|环境与文化
ecological|ˌiːkəˈlɑːdʒɪkl|adj.|生态的|The ecological balance is fragile.|生态平衡很脆弱。|环境与文化
habitat|ˈhæbɪtæt|n.|栖息地|Many animals lost their habitat.|许多动物失去了栖息地。|环境与文化
species|ˈspiːʃiːz|n.|物种|This species is close to extinction.|这个物种濒临灭绝。|环境与文化
endangered|ɪnˈdeɪndʒərd|adj.|濒危的|The panda is an endangered species.|大熊猫是濒危物种。|环境与文化
extinct|ɪkˈstɪŋkt|adj.|灭绝的|The dinosaur species became extinct.|恐龙物种灭绝了。|环境与文化
extinction|ɪkˈstɪŋkʃn|n.|灭绝|The species faces extinction.|该物种面临灭绝。|环境与文化
biodiversity|ˌbaɪoʊdaɪˈvɜːrsəti|n.|生物多样性|The rainforest has amazing biodiversity.|雨林有惊人的生物多样性。|环境与文化
wildlife|ˈwaɪldlaɪf|n.|野生动物|Wildlife is protected by law.|野生动物受到法律保护。|环境与文化
wild|waɪld|adj.|野生的；荒野的|Wild flowers bloom everywhere.|野花遍地开放。|环境与文化
wilderness|ˈwɪldərnəs|n.|荒野|The wilderness is untouched.|这片荒野未受破坏。|环境与文化
forest|ˈfɔːrɪst|n.|森林|We must protect the forest.|我们必须保护森林。|环境与文化
rainforest|ˈreɪnfɔːrɪst|n.|雨林|The Amazon rainforest is vital.|亚马逊雨林至关重要。|环境与文化
ocean|ˈoʊʃn|n.|海洋|The ocean covers most of Earth.|海洋覆盖了地球的大部分。|环境与文化
glacier|ˈɡleɪʃər|n.|冰川|The glacier is melting quickly.|冰川正在快速融化。|环境与文化
melt|melt|v.|融化|Ice melts fast in summer.|冰在夏天融化得很快。|环境与文化
flood|flʌd|n.|洪水|The flood destroyed many homes.|洪水摧毁了许多房屋。|环境与文化
drought|draʊt|n.|干旱|The drought lasted for months.|干旱持续了数月。|环境与文化
desert|ˈdezərt|n.|沙漠|The desert is hot and dry.|沙漠又热又干燥。|环境与文化
natural|ˈnætʃrəl|adj.|自然的|We love natural landscapes.|我们热爱自然景观。|环境与文化
nature|ˈneɪtʃər|n.|大自然；本质|Nature gives us fresh air.|大自然给了我们新鲜空气。|环境与文化
landscape|ˈlændskeɪp|n.|风景；地形|The mountain landscape is beautiful.|山间风景很美丽。|环境与文化
scenery|ˈsiːnəri|n.|风景；景色|The scenery along the river is lovely.|沿河的景色很迷人。|环境与文化
scenic|ˈsiːnɪk|adj.|风景优美的|We took a scenic route.|我们走了一条风景优美的路线。|环境与文化
waterfall|ˈwɔːtərfɔːl|n.|瀑布|The waterfall is breathtaking.|瀑布令人惊叹。|环境与文化
island|ˈaɪlənd|n.|岛|The island has sandy beaches.|这座岛有沙滩。|环境与文化
coast|koʊst|n.|海岸；海滨|We drove along the coast.|我们沿着海岸行驶。|环境与文化
beach|biːtʃ|n.|海滩|The beach is crowded in summer.|夏天海滩很拥挤。|环境与文化
mountain|ˈmaʊntn|n.|高山|The mountain is covered with snow.|山顶覆盖着积雪。|环境与文化
hill|hɪl|n.|山丘|We climbed the green hill.|我们爬上了绿色的山丘。|环境与文化
valley|ˈvæli|n.|山谷|The valley is full of flowers.|山谷里开满了花。|环境与文化
river|ˈrɪvər|n.|河流|The river runs through the town.|河流穿过小镇。|环境与文化
lake|leɪk|n.|湖泊|The lake mirrors the sky.|湖面倒映着天空。|环境与文化
spring|sprɪŋ|n.|泉；春天|The hot spring is relaxing.|温泉令人放松。|环境与文化
cave|keɪv|n.|洞穴|The cave is dark and deep.|洞穴又黑又深。|环境与文化
canyon|ˈkænjən|n.|峡谷|The Grand Canyon is huge.|大峡谷很壮观。|环境与文化
recycle|ˌriːˈsaɪkl|v.|回收利用|We recycle paper and plastic daily.|我们每天回收纸张和塑料。|环境与文化
reuse|ˌriːˈjuːz|v.|再利用|We reuse old glass bottles.|我们重复使用旧玻璃瓶。|环境与文化
reduce|rɪˈduːs|v.|减少|Reduce waste to save energy.|减少浪费以节约能源。|环境与文化
waste|weɪst|n.|浪费；废弃物|Rubbish is a kind of waste.|垃圾是废弃物的一种。|环境与文化
garbage|ˈɡɑːrbɪdʒ|n.|垃圾|Keep garbage in the bin.|把垃圾放进桶里。|环境与文化
rubbish|ˈrʌbɪʃ|n.|垃圾|Rubbish makes the river dirty.|垃圾使河流变脏。|环境与文化
litter|ˈlɪtər|v.|乱扔|Do not litter in the park.|不要在公园乱扔垃圾。|环境与文化
dump|dʌmp|v.|倾倒；丢弃|They dump waste in the river.|他们往河里倒垃圾。|环境与文化
dispose|dɪˈspoʊz|v.|处理；处置|Dispose of waste properly.|妥善处理垃圾。|环境与文化
toxic|ˈtɑːksɪk|adj.|有毒的|Toxic smoke filled the air.|有毒烟雾弥漫空中。|环境与文化
smog|smɑːɡ|n.|雾霾|Smog covers the downtown area.|雾霾笼罩着市中心。|环境与文化
fog|fɔːɡ|n.|雾|Heavy fog delayed our flight.|大雾延误了我们的航班。|环境与文化
exhaust|ɪɡˈzɔːst|n.|废气；耗尽|Car exhaust pollutes the air.|汽车废气污染空气。|环境与文化
ozone|ˈoʊzoʊn|n.|臭氧|The ozone layer protects us.|臭氧层保护我们。|环境与文化
layer|ˈleɪər|n.|层|The outer layer is thick.|外层很厚。|环境与文化
temperature|ˈtemprətʃər|n.|温度|The temperature dropped suddenly.|温度突然下降。|环境与文化
weather|ˈweðər|n.|天气|The weather is nice today.|今天天气很好。|环境与文化
forecast|ˈfɔːrkæst|n.|预报|The forecast says rain tomorrow.|预报说明天有雨。|环境与文化
humidity|hjuːˈmɪdəti|n.|湿度|The humidity is high today.|今天湿度很高。|环境与文化
breeze|briːz|n.|微风|A cool breeze blew softly.|一阵凉风轻轻吹来。|环境与文化
typhoon|taɪˈfuːn|n.|台风|The typhoon hit the island.|台风袭击了这座岛。|环境与文化
tornado|tɔːrˈneɪdoʊ|n.|龙卷风|The tornado damaged the farm.|龙卷风毁坏了农场。|环境与文化
thunderstorm|ˈθʌndərstɔːrm|n.|雷暴|The thunderstorm lasted all night.|雷暴持续了一整夜。|环境与文化
atmosphere|ˈætməsfɪr|n.|大气；氛围|The atmosphere here is calm.|这里的气氛很平静。|环境与文化
awareness|əˈwernəs|n.|意识|Raise public awareness about recycling.|提高公众的回收意识。|环境与文化
campaign|kæmˈpeɪn|n.|运动；活动|The green campaign is working.|绿色运动正在奏效。|环境与文化
volunteer|ˌvɑːlənˈtɪr|n.|志愿者|Volunteers clean the beach.|志愿者清理海滩。|环境与文化
contribute|kənˈtrɪbjuːt|v.|促成；贡献|Cars contribute to air pollution.|汽车导致空气污染。|环境与文化
impact|ˈɪmpækt|n.|影响；冲击|Climate change has a huge impact.|气候变化影响巨大。|环境与文化
effect|ɪˈfekt|n.|影响；效果|Pollution has a bad effect on health.|污染对健康有不良影响。|环境与文化
cause|kɔːz|n.|原因；导致|Pollution causes many diseases.|污染导致许多疾病。|环境与文化
damage|ˈdæmɪdʒ|v.|损害|The storm damaged the crops.|风暴损害了庄稼。|环境与文化
destroy|dɪˈstrɔɪ|v.|破坏|Fire destroyed the ancient house.|大火摧毁了古宅。|环境与文化
harm|hɑːrm|v.|伤害|Pollution harms our health.|污染危害我们的健康。|环境与文化
threaten|ˈθretn|v.|威胁|Climate change threatens the coast.|气候变化威胁着海岸。|环境与文化
survive|sərˈvaɪv|v.|生存|Few species survive here.|很少有物种在此生存。|环境与文化
adapt|əˈdæpt|v.|适应|Animals adapt to climate change.|动物适应气候变化。|环境与文化
balance|ˈbæləns|n.|平衡|Nature keeps its own balance.|自然保持自身平衡。|环境与文化
fragile|ˈfrædʒl|adj.|脆弱的|The ecosystem is fragile here.|这里的生态系统很脆弱。|环境与文化
clean|kliːn|adj.|清洁的|We need clean air to breathe.|我们需要清洁的空气。|环境与文化
pure|pjʊr|adj.|纯净的|The mountain air is pure.|山里的空气很纯净。|环境与文化
green|ɡriːn|adj.|绿色的；环保的|Green energy is the future.|绿色能源是未来。|环境与文化
eco-friendly|ˌiːkoʊˈfrendli|adj.|环保的|This bag is eco-friendly.|这个袋子是环保的。|环境与文化
organic|ɔːrˈɡænɪk|adj.|有机的|They grow organic vegetables.|他们种植有机蔬菜。|环境与文化
resource|ˈriːsɔːrs|n.|资源|Water is a precious resource.|水是一种珍贵的资源。|环境与文化
erosion|ɪˈroʊʒn|n.|侵蚀|Soil erosion harms farmland.|土壤侵蚀损害农田。|环境与文化
reserve|rɪˈzɜːrv|n.|保护区；保留|The nature reserve is peaceful.|自然保护区很宁静。|环境与文化
culture|ˈkʌltʃər|n.|文化|Chinese culture is very rich.|中国文化非常丰富。|环境与文化
cultural|ˈkʌltʃərəl|adj.|文化的|This is a cultural heritage site.|这是一个文化遗产地。|环境与文化
heritage|ˈherɪtɪdʒ|n.|遗产|The city has rich heritage.|这座城市有丰富的遗产。|环境与文化
tradition|trəˈdɪʃn|n.|传统|Each festival has its tradition.|每个节日都有其传统。|环境与文化
traditional|trəˈdɪʃənl|adj.|传统的|We wear traditional clothes.|我们穿传统服装。|环境与文化
custom|ˈkʌstəm|n.|习俗；风俗|Local customs are interesting.|当地习俗很有趣。|环境与文化
festival|ˈfestɪvl|n.|节日|The spring festival is coming.|春节就要到了。|环境与文化
ceremony|ˈserəmoʊni|n.|仪式；典礼|The wedding ceremony was grand.|婚礼仪式很盛大。|环境与文化
ritual|ˈrɪtʃuəl|n.|仪式；典礼|The ritual happens every spring.|这个仪式每年春天举行。|环境与文化
legend|ˈledʒənd|n.|传说|The legend tells an old story.|传说讲述了一个古老的故事。|环境与文化
myth|mɪθ|n.|神话|The Greek myth is popular.|希腊神话很流行。|环境与文化
folklore|ˈfoʊklɔːr|n.|民间传说|Folklore keeps history alive.|民间传说让历史鲜活。|环境与文化
ancestor|ˈænsestər|n.|祖先|We honor our ancestors.|我们敬重先人。|环境与文化
descendant|dɪˈsendənt|n.|后代|The descendants kept the land.|后代保住了这片土地。|环境与文化
religion|rɪˈlɪdʒən|n.|宗教|Religion shapes many customs.|宗教塑造了许多习俗。|环境与文化
belief|bɪˈliːf|n.|信仰；信念|Their belief is very strong.|他们的信仰非常坚定。|环境与文化
art|ɑːrt|n.|艺术|Art shows our feelings.|艺术展现我们的情感。|环境与文化
artist|ˈɑːrtɪst|n.|艺术家|The artist paints the town.|这位艺术家描绘这座小镇。|环境与文化
museum|mjuˈziːəm|n.|博物馆|The museum opens at nine.|博物馆九点开门。|环境与文化
gallery|ˈɡæləri|n.|画廊；美术馆|The gallery shows modern art.|美术馆展出现代艺术。|环境与文化
exhibition|ˌeksɪˈbɪʃn|n.|展览|The exhibition attracts many visitors.|展览吸引了许多参观者。|环境与文化
exhibit|ɪɡˈzɪbɪt|v.|展出|The museum exhibits old coins.|博物馆展出古钱币。|环境与文化
sculpture|ˈskʌlptʃər|n.|雕塑|The sculpture stands in the park.|雕塑矗立在公园里。|环境与文化
painting|ˈpeɪntɪŋ|n.|绘画；油画|This painting is very famous.|这幅画非常有名。|环境与文化
photography|fəˈtɑːɡrəfi|n.|摄影|Photography is her favorite hobby.|摄影是她最喜欢的爱好。|环境与文化
architecture|ˈɑːrkɪtektʃər|n.|建筑|The architecture is ancient.|这座建筑很古老。|环境与文化
monument|ˈmɑːnjumənt|n.|纪念碑|The monument honors the heroes.|纪念碑纪念英雄。|环境与文化
statue|ˈstætʃuː|n.|雕像|The statue stands tall.|雕像高高矗立。|环境与文化
relic|ˈrelɪk|n.|遗迹；文物|The relic is very old.|这件文物很古老。|环境与文化
antique|ænˈtiːk|adj.|古老的|She loves antique furniture.|她喜欢古董家具。|环境与文化
archaeology|ˌɑːrkiˈɑːlədʒi|n.|考古学|Archaeology reveals ancient life.|考古学揭示古代生活。|环境与文化
civilization|ˌsɪvələˈzeɪʃn|n.|文明|Ancient civilization fascinates me.|古代文明让我着迷。|环境与文化
dynasty|ˈdaɪnəsti|n.|朝代|The Tang dynasty was famous.|唐朝很出名。|环境与文化
historical|hɪˈstɔːrɪkl|adj.|历史上的|This is a historical town.|这是一个历史小镇。|环境与文化
historic|hɪˈstɔːrɪk|adj.|有历史意义的|The historic bridge is protected.|这座历史悠久的桥受到保护。|环境与文化
history|ˈhɪstri|n.|历史|History teaches us lessons.|历史给我们以教训。|环境与文化
ancient|ˈeɪnʃənt|adj.|古代的|Ancient walls surround the city.|古城墙环绕着城市。|环境与文化
palace|ˈpæləs|n.|宫殿|The palace is open to visitors.|宫殿向游客开放。|环境与文化
temple|ˈtempl|n.|寺庙；神殿|The temple is quiet and beautiful.|寺庙宁静而美丽。|环境与文化
castle|ˈkæsl|n.|城堡|The castle stands on a hill.|城堡矗立在山丘上。|环境与文化
church|tʃɜːrtʃ|n.|教堂|The church bells ring softly.|教堂钟声轻柔地响起。|环境与文化
cathedral|kəˈθiːdrəl|n.|大教堂|The cathedral took centuries to build.|大教堂建了几个世纪。|环境与文化
mosque|mɑːsk|n.|清真寺|The mosque welcomes all visitors.|清真寺欢迎所有游客。|环境与文化
shrine|ʃraɪn|n.|圣堂；神龛|They visited a famous shrine.|他们参观了一座著名圣堂。|环境与文化
opera|ˈɑːprə|n.|歌剧|We watched a beautiful opera.|我们看了一场优美的歌剧。|环境与文化
drama|ˈdrɑːmə|n.|戏剧|The drama moved everyone.|这部戏剧感动了所有人。|环境与文化
ballet|bæˈleɪ|n.|芭蕾舞|The ballet performance was elegant.|芭蕾舞表演很优雅。|环境与文化
concert|ˈkɑːnsərt|n.|音乐会|The concert was sold out.|音乐会门票售罄。|环境与文化
melody|ˈmelədi|n.|旋律|The melody is very sweet.|旋律非常甜美。|环境与文化
rhythm|ˈrɪðəm|n.|节奏|The rhythm is easy to follow.|节奏很容易跟上。|环境与文化
dance|dæns|n.|舞蹈|Traditional dance is colorful.|传统舞蹈丰富多彩。|环境与文化
costume|ˈkɑːstuːm|n.|服装；戏服|The costume is very ornate.|这件服装非常华丽。|环境与文化
craft|kræft|n.|工艺；手艺|Local crafts attract tourists.|当地手工艺品吸引游客。|环境与文化
handmade|ˌhændˈmeɪd|adj.|手工制作的|She sells handmade pottery.|她出售手工陶器。|环境与文化
pottery|ˈpɑːtəri|n.|陶器|Pottery is an ancient craft.|陶器是一门古老工艺。|环境与文化
calligraphy|kəˈlɪɡrəfi|n.|书法|Chinese calligraphy is famous.|中国书法很有名。|环境与文化
embroidery|ɪmˈbrɔɪdəri|n.|刺绣|The embroidery is delicate.|刺绣很精致。|环境与文化
performance|pərˈfɔːrməns|n.|表演；演出|The performance starts soon.|演出即将开始。|环境与文化
stage|steɪdʒ|n.|舞台|The actor walked onto the stage.|演员走上舞台。|环境与文化
audience|ˈɔːdiəns|n.|观众|The audience applauded loudly.|观众大声鼓掌。|环境与文化
applause|əˈplɔːz|n.|掌声|Loud applause filled the hall.|大厅里响起热烈的掌声。|环境与文化
poem|ˈpoʊəm|n.|诗|This poem is about nature.|这首诗关于自然。|环境与文化
poetry|ˈpoʊətri|n.|诗歌|Poetry expresses deep emotions.|诗歌表达深沉的情感。|环境与文化
literature|ˈlɪtrətʃər|n.|文学|She studies English literature.|她研究英国文学。|环境与文化
celebrate|ˈselɪbreɪt|v.|庆祝|We celebrate the new year together.|我们一起庆祝新年。|环境与文化
celebration|ˌselɪˈbreɪʃn|n.|庆祝|The celebration lasted all night.|庆祝活动持续了一整夜。|环境与文化
parade|pəˈreɪd|n.|游行|The parade celebrates the festival.|游行庆祝节日。|环境与文化
anniversary|ˌænɪˈvɜːrsəri|n.|周年纪念|The city marks its anniversary.|这座城市庆祝周年纪念。|环境与文化
carnival|ˈkɑːrnɪvl|n.|狂欢节|The carnival is full of colors.|狂欢节五彩缤纷。|环境与文化
market|ˈmɑːrkɪt|n.|市场|The night market is lively.|夜市很热闹。|环境与文化
souvenir|ˌsuːvəˈnɪr|n.|纪念品|She bought a souvenir for me.|她给我买了一件纪念品。|环境与文化
cuisine|kwɪˈziːn|n.|菜肴；烹饪|Local cuisine is delicious.|当地菜肴很美味。|环境与文化
delicacy|ˈdelɪkəsi|n.|美味佳肴|That dish is a local delicacy.|那道菜是当地美食。|环境与文化
tourism|ˈtʊrɪzəm|n.|旅游业|Tourism brings local income.|旅游业带来当地收入。|环境与文化
tourist|ˈtʊrɪst|n.|游客|The tourist takes many photos.|这位游客拍了很多照片。|环境与文化
travel|ˈtrævl|v.|旅行|We travel to see new places.|我们旅行去看新地方。|环境与文化
trip|trɪp|n.|旅行；出行|The trip was really memorable.|这次旅行非常难忘。|环境与文化
journey|ˈdʒɜːrni|n.|旅程|The journey took three days.|这段旅程花了三天。|环境与文化
destination|ˌdestɪˈneɪʃn|n.|目的地|The island is a popular destination.|这座岛是热门目的地。|环境与文化
attraction|əˈtrækʃn|n.|景点；吸引力|The park is a great attraction.|这个公园是个好景点。|环境与文化
guide|ɡaɪd|n.|导游|The guide showed us around.|导游带我们参观。|环境与文化
landmark|ˈlændmɑːrk|n.|地标|The tower is a famous landmark.|这座塔是著名地标。|环境与文化
explore|ɪkˈsplɔːr|v.|探索；参观|We explored the old town.|我们游览了老城。|环境与文化
voyage|ˈvɔɪɪdʒ|n.|航行；航海|The voyage crossed the ocean.|这次航行跨越了海洋。|环境与文化
cruise|kruːz|n.|游轮；巡航|We took a river cruise.|我们乘船游河。|环境与文化
volcano|vɑːlˈkeɪnoʊ|n.|火山|The volcano erupted yesterday.|火山昨天喷发了。|环境与文化
coral|ˈkɔːrəl|n.|珊瑚|Coral reefs are very fragile.|珊瑚礁非常脆弱。|环境与文化
tide|taɪd|n.|潮汐|The tide comes in at noon.|潮水中午涨起来。|环境与文化
wave|weɪv|n.|波浪|The waves crashed on the shore.|波浪拍打着海岸。|环境与文化
shore|ʃɔːr|n.|岸；海滨|Birds gather by the shore.|鸟儿聚集在岸边。|环境与文化
sunset|ˈsʌnset|n.|日落|The sunset turned the sky orange.|日落把天空染成橙色。|环境与文化
orchestra|ˈɔːrkɪstrə|n.|管弦乐队|The orchestra played a classic piece.|管弦乐队演奏了一首经典曲目。|环境与文化
actor|ˈæktər|n.|演员|The actor won an award.|这位演员获奖了。|环境与文化
director|dəˈrektər|n.|导演|The director made a great film.|这位导演拍了一部很棒的电影。|环境与文化
deforestation|diːˌfɔːrɪˈsteɪʃn|n.|森林砍伐|Deforestation harms the climate.|森林砍伐危害气候。|环境与文化
fossil fuel|ˈfɑːsl fjuːəl|phr.|化石燃料|Fossil fuels are running out.|化石燃料正在枯竭。|环境与文化
