government|ˈɡʌvərnmənt|n.|政府；统治|The government announced a new policy today.|政府今天宣布了一项新政策。|社会与新闻
society|səˈsaɪəti|n.|社会；社团|Our society values education and fairness.|我们的社会重视教育和公平。|社会与新闻
election|ɪˈlekʃn|n.|选举；选举运动|The national election will happen next month.|全国大选将于下个月举行。|社会与新闻
policy|ˈpɑːləsi|n.|政策；方针|The new policy helps poor families.|新政策帮助贫困家庭。|社会与新闻
law|lɔː|n.|法律；法规|Everyone must obey the law.|每个人都必须遵守法律。|社会与新闻
legal|ˈliːɡl|adj.|合法的；法律的|It is not legal to park here.|在这里停车是不合法的。|社会与新闻
crime|kraɪm|n.|罪，罪行|The police are fighting against crime.|警察正在打击犯罪。|社会与新闻
criminal|ˈkrɪmɪnl|n.|罪犯；犯罪的|The criminal was caught by the police.|罪犯被警察抓住了。|社会与新闻
court|kɔːrt|n.|法庭；法院|The case will go to court tomorrow.|案件明天将开庭审理。|社会与新闻
judge|dʒʌdʒ|n./v.|法官；审判|The judge gave a fair decision.|法官做出了公正的判决。|社会与新闻
justice|ˈdʒʌstɪs|n.|正义；司法|We all want justice for everyone.|我们都希望人人获得正义。|社会与新闻
trial|ˈtraɪəl|n.|审判；试验|The trial will last two weeks.|审判将持续两周。|社会与新闻
evidence|ˈevɪdəns|n.|证据；证词|The police found new evidence today.|警察今天发现了新证据。|社会与新闻
witness|ˈwɪtnəs|n./v.|目击者；见证|The witness spoke to the police.|目击者对警察作了陈述。|社会与新闻
suspect|səˈspekt|n./v.|嫌疑人；怀疑|The suspect was arrested last night.|嫌疑人昨晚被捕。|社会与新闻
arrest|əˈrest|v./n.|逮捕；拘捕|The police arrested the thief quickly.|警察迅速逮捕了小偷。|社会与新闻
prison|ˈprɪzn|n.|监狱；监禁|He was sent to prison for five years.|他被判入狱五年。|社会与新闻
police|pəˈliːs|n.|警察；警方|The police arrived at the scene.|警察到达了现场。|社会与新闻
police officer|pəˈliːs ˈɔːfɪsər|phr.|警官；巡警|The police officer helped the old woman.|警官帮助了那位老妇人。|社会与新闻
security|sɪˈkjʊrəti|n.|安全；治安|Airport security is very strict now.|现在机场安检非常严格。|社会与新闻
safety|ˈseɪfti|n.|安全；平安|Safety is the first priority here.|这里安全是第一位的。|社会与新闻
protest|ˈproʊtest|n./v.|抗议；反对|Thousands joined the protest downtown.|数千人参加了市中心的抗议。|社会与新闻
demonstration|ˌdemənˈstreɪʃn|n.|示威；演示|The demonstration was peaceful and calm.|这场示威是和平而克制的。|社会与新闻
strike|straɪk|n./v.|罢工；打击|The workers went on strike today.|工人们今天举行罢工。|社会与新闻
campaign|kæmˈpeɪn|n.|运动；竞选|The campaign lasted for three months.|这场运动持续了三个月。|社会与新闻
committee|kəˈmɪti|n.|委员会|The committee will meet on Friday.|委员会将在周五开会。|社会与新闻
congress|ˈkɑːŋɡrəs|n.|国会；代表大会|Congress will vote on the bill.|国会将对法案进行表决。|社会与新闻
senate|ˈsenət|n.|参议院|The senate passed the new law.|参议院通过了新法律。|社会与新闻
parliament|ˈpɑːrləmənt|n.|议会；国会|Parliament discussed the tax plan.|议会讨论了这个税收方案。|社会与新闻
politician|ˌpɑːləˈtɪʃn|n.|政治家；政客|The politician gave a public speech.|那位政治家发表了一场公开演讲。|社会与新闻
political|pəˈlɪtɪkl|adj.|政治的|This is a political issue for voters.|这对选民来说是个政治问题。|社会与新闻
president|ˈprezɪdənt|n.|总统；主席|The president addressed the nation.|总统向全国发表了讲话。|社会与新闻
minister|ˈmɪnɪstər|n.|部长；大臣|The minister visited the flooded area.|部长视察了洪灾地区。|社会与新闻
official|əˈfɪʃl|n./adj.|官员；官方的|The local official explained the plan.|当地官员解释了这个计划。|社会与新闻
authority|əˈθɔːrəti|n.|权力；当局|The local authority closed the road.|当地政府封闭了这条路。|社会与新闻
administration|ədˌmɪnɪˈstreɪʃn|n.|管理；行政部门|The new administration changed many rules.|新政府修改了许多规定。|社会与新闻
regulation|ˌreɡjuˈleɪʃn|n.|规章；管理|The new regulation bans smoking here.|新规定禁止在此吸烟。|社会与新闻
rule|ruːl|n./v.|规则；统治|The rule applies to all students.|这条规则适用于所有学生。|社会与新闻
citizen|ˈsɪtɪzn|n.|公民；市民|Every citizen has the right to vote.|每个公民都有投票权。|社会与新闻
public|ˈpʌblɪk|adj./n.|公共的；公众|The park is open to the public.|这个公园向公众开放。|社会与新闻
private|ˈpraɪvət|adj.|私人的；私有的|This is a private conversation.|这是私人谈话。|社会与新闻
social|ˈsoʊʃl|adj.|社会的；社交的|The country faces many social problems.|这个国家面临许多社会问题。|社会与新闻
welfare|ˈwelfer|n.|福利；幸福|The government increased welfare benefits.|政府增加了福利待遇。|社会与新闻
equal|ˈiːkwəl|adj.|平等的；相等的|All people should be treated equally.|所有人都应被平等对待。|社会与新闻
equality|ɪˈkwɑːləti|n.|平等|They are fighting for equality.|他们正在为平等而斗争。|社会与新闻
freedom|ˈfriːdəm|n.|自由|People value freedom of speech.|人们珍视言论自由。|社会与新闻
right|raɪt|n.|权利；右边|Everyone has the right to education.|每个人都有受教育的权利。|社会与新闻
human|ˈhjuːmən|adj./n.|人的；人类|Human rights must be protected.|人权必须得到保护。|社会与新闻
immigration|ˌɪmɪˈɡreɪʃn|n.|移民；移居|Immigration laws were reformed this year.|今年移民法进行了改革。|社会与新闻
refugee|ˌrefjuˈdʒiː|n.|难民|The refugees fled their home country.|难民们逃离了自己的祖国。|社会与新闻
poverty|ˈpɑːvərti|n.|贫穷；贫困|Many families live in deep poverty.|许多家庭生活在极度贫困中。|社会与新闻
unemployment|ˌʌnɪmˈplɔɪmənt|n.|失业|Unemployment rose to a high level.|失业率升到了很高水平。|社会与新闻
economy|ɪˈkɑːnəmi|n.|经济|The economy is growing fast this year.|今年经济增长很快。|社会与新闻
economic|ˌiːkəˈnɑːmɪk|adj.|经济的|Economic growth benefits everyone.|经济增长惠及每个人。|社会与新闻
tax|tæks|n./v.|税；收税|The government cut taxes for families.|政府为家庭减了税。|社会与新闻
budget|ˈbʌdʒɪt|n.|预算|The city budget was approved today.|城市预算今天获批。|社会与新闻
inflation|ɪnˈfleɪʃn|n.|通货膨胀|Inflation is affecting food prices.|通货膨胀正影响食品价格。|社会与新闻
trade|treɪd|n./v.|贸易；交易|International trade benefits both sides.|国际贸易使双方受益。|社会与新闻
foreign|ˈfɔːrən|adj.|外国的；对外的|Foreign visitors enjoy the city.|外国游客喜欢这座城市。|社会与新闻
international|ˌɪntərˈnæʃnəl|adj.|国际的|This is an international conference.|这是一场国际会议。|社会与新闻
country|ˈkʌntri|n.|国家；乡村|Many countries attend the meeting.|许多国家参加了会议。|社会与新闻
nation|ˈneɪʃn|n.|国家；民族|The whole nation celebrated the victory.|举国上下庆祝胜利。|社会与新闻
region|ˈriːdʒən|n.|地区；区域|The region suffered heavy floods.|该地区遭受了严重洪灾。|社会与新闻
city|ˈsɪti|n.|城市|The city has grown very fast.|这座城市发展得非常快。|社会与新闻
community|kəˈmjuːnəti|n.|社区；群体|The community center is near the house.|社区中心就在房子附近。|社会与新闻
neighborhood|ˈneɪbərhʊd|n.|街区；邻里|The neighborhood is safe and quiet.|这个街区安全又安静。|社会与新闻
local|ˈloʊkl|adj.|本地的；当地的|Local news is reported every evening.|每晚都播报本地新闻。|社会与新闻
national|ˈnæʃnəl|adj.|国家的；全国的|It is a national holiday today.|今天是全国性节日。|社会与新闻
state|steɪt|n./v.|州；国家；陈述|The state opened a new hospital.|州里开办了一家新医院。|社会与新闻
media|ˈmiːdiə|n.|媒体；大众传媒|The media reported the story widely.|媒体广泛报道了这个故事。|社会与新闻
press|pres|n./v.|新闻界；按压|The press questioned the spokesman.|新闻界对发言人进行了提问。|社会与新闻
newspaper|ˈnuːzpeɪpər|n.|报纸|I read the newspaper every morning.|我每天早上读报纸。|社会与新闻
magazine|ˈmæɡəziːn|n.|杂志|The magazine covers local politics.|这本杂志报道当地政治。|社会与新闻
news|nuːz|n.|新闻；消息|The news spread very quickly.|这消息传播得很快。|社会与新闻
report|rɪˈpɔːrt|n./v.|报道；报告|The report came out this morning.|这份报道今天上午发布了。|社会与新闻
reporter|rɪˈpɔːrtər|n.|记者|The reporter asked a tough question.|记者提了一个尖锐的问题。|社会与新闻
journalist|ˈdʒɜːrnəlɪst|n.|记者；新闻工作者|The journalist interviewed the mayor.|这位记者采访了市长。|社会与新闻
interview|ˈɪntərvjuː|n./v.|采访；面谈|She gave an interview to the news.|她接受了新闻媒体的采访。|社会与新闻
article|ˈɑːrtɪkl|n.|文章；条款|He wrote an article about the strike.|他写了一篇关于罢工的文章。|社会与新闻
headline|ˈhedlaɪn|n.|标题；头条|The scandal made the headlines.|这起丑闻登上了头条。|社会与新闻
broadcast|ˈbrɔːdkæst|n./v.|广播；播送|The radio broadcast the election results.|电台播报了选举结果。|社会与新闻
channel|ˈtʃænl|n.|频道；渠道|This channel shows news at night.|这个频道夜间播出新闻。|社会与新闻
program|ˈproʊɡræm|n./v.|节目；程序|The program discusses social issues.|这个节目讨论社会问题。|社会与新闻
audience|ˈɔːdiəns|n.|观众；听众|The audience applauded loudly.|观众热烈鼓掌。|社会与新闻
view|vjuː|n./v.|观点；观看|In my view, the policy works well.|在我看来，这项政策运行良好。|社会与新闻
opinion|əˈpɪnjən|n.|意见；看法|Public opinion is changing quickly.|公众舆论正在迅速变化。|社会与新闻
poll|poʊl|n./v.|民意调查；投票|The poll shows increased confidence.|民意调查显示信心增加。|社会与新闻
survey|ˈsɜːrveɪ|n./v.|调查；研究|The survey interviewed one thousand people.|这项调查采访了一千人。|社会与新闻
debate|dɪˈbeɪt|n./v.|辩论；争论|The candidates debated on television.|候选人在电视上进行了辩论。|社会与新闻
discussion|dɪˈskʌʃn|n.|讨论；商议|There was a long discussion about taxes.|对税收进行了长时间的讨论。|社会与新闻
statement|ˈsteɪtmənt|n.|声明；陈述|The mayor made a brief statement.|市长发表了简短声明。|社会与新闻
speech|spiːtʃ|n.|演讲；讲话|Her speech moved many listeners.|她的演讲打动了许多听众。|社会与新闻
announce|əˈnaʊns|v.|宣布；宣告|The company announced a big change.|公司宣布了一项重大变革。|社会与新闻
declare|dɪˈkler|v.|宣布；声明|The judge declared him guilty.|法官宣布他有罪。|社会与新闻
address|əˈdres|n./v.|演讲；地址|The president addressed the reporters.|总统向记者们发表了讲话。|社会与新闻
comment|ˈkɑːment|n./v.|评论；意见|The senator declined to comment.|参议员拒绝发表评论。|社会与新闻
explain|ɪkˈspleɪn|v.|解释；说明|The official explained the new law.|官员解释了新法律。|社会与新闻
discuss|dɪˈskʌs|v.|讨论；商议|We will discuss the issue tomorrow.|我们明天将讨论这个问题。|社会与新闻
argue|ˈɑːrɡjuː|v.|争论；主张|They argued about the new rules.|他们就新规定进行了争论。|社会与新闻
claim|kleɪm|n./v.|声称；主张|The report claims a rise in crime.|报道声称犯罪率上升。|社会与新闻
crisis|ˈkraɪsɪs|n.|危机；紧要关头|The country faced a serious crisis.|这个国家面临一场严重的危机。|社会与新闻
emergency|ɪˈmɜːrdʒənsi|n.|紧急情况；突发事件|Call the police in an emergency.|遇紧急情况请报警。|社会与新闻
disaster|dɪˈzæstər|n.|灾难；灾害|The flood was a terrible disaster.|这场洪水是一场可怕的灾难。|社会与新闻
accident|ˈæksɪdənt|n.|事故；意外|There was a car accident downtown.|市中心发生了一起车祸。|社会与新闻
incident|ˈɪnsɪdənt|n.|事件；变故|The police reported the incident.|警方报告了这一事件。|社会与新闻
tragedy|ˈtrædʒədi|n.|悲剧；惨案|The fire was a terrible tragedy.|这场火灾是一场可怕的悲剧。|社会与新闻
victim|ˈvɪktɪm|n.|受害者；遇难者|The victims received medical help.|受害者得到了医疗救助。|社会与新闻
damage|ˈdæmɪdʒ|n./v.|损害；破坏|The storm caused heavy damage.|风暴造成了严重破坏。|社会与新闻
loss|lɔːs|n.|损失；丧失|The company suffered a big loss.|这家公司遭受了巨大损失。|社会与新闻
alarm|əˈlɑːrm|n./v.|警报；使惊恐|The fire alarm went off at night.|夜里火灾警报响了。|社会与新闻
warning|ˈwɔːrnɪŋ|n.|警告；警示|The weather service issued a warning.|气象部门发布了警报。|社会与新闻
rescue|ˈreskjuː|n./v.|救援；营救|The rescue team saved ten people.|救援队救了十个人。|社会与新闻
relief|rɪˈliːf|n.|救济；宽慰|Relief supplies arrived by plane.|救济物资乘飞机到达。|社会与新闻
donation|doʊˈneɪʃn|n.|捐款；捐赠|She made a generous donation.|她捐了一大笔款。|社会与新闻
charity|ˈtʃærəti|n.|慈善；慈善机构|The charity helps poor children.|这家慈善机构帮助贫困儿童。|社会与新闻
volunteer|ˌvɑːlənˈtɪr|n./v.|志愿者；自愿|Many volunteers joined the cleanup.|许多志愿者参加了清理工作。|社会与新闻
support|səˈpɔːrt|n./v.|支持；支撑|The community supports the new plan.|社区支持这项新计划。|社会与新闻
contribute|kənˈtrɪbjuːt|v.|贡献；捐助|Everyone contributed to the fund.|每个人都为基金捐款。|社会与新闻
reform|rɪˈfɔːrm|n./v.|改革；变革|The schools need real reform.|学校需要真正的改革。|社会与新闻
improve|ɪmˈpruːv|v.|改善；提高|The city will improve public transit.|这座城市将改善公共交通。|社会与新闻
reduce|rɪˈduːs|v.|减少；降低|The plan aims to reduce pollution.|该计划旨在减少污染。|社会与新闻
increase|ɪnˈkriːs|n./v.|增加；增长|The city increased the housing supply.|这座城市增加了住房供应。|社会与新闻
organize|ˈɔːrɡənaɪz|v.|组织；安排|They helped organize the event.|他们帮忙组织了这场活动。|社会与新闻
environment|ɪnˈvaɪrənmənt|n.|环境|Protecting the environment is everyones duty.|保护环境是每个人的责任。|社会与新闻
pollution|pəˈluːʃn|n.|污染|Air pollution harms our health.|空气污染危害我们的健康。|社会与新闻
education|ˌedʒuˈkeɪʃn|n.|教育|Education opens up new opportunities.|教育带来新的机会。|社会与新闻
healthcare|ˈhelθker|n.|医疗保健|Access to healthcare is important.|获得医疗保健很重要。|社会与新闻
housing|ˈhaʊzɪŋ|n.|住房；住宅|Affordable housing is hard to find.|经济适用房很难找到。|社会与新闻
health|helθ|n.|健康；卫生|Good health is the greatest wealth.|健康是最大的财富。|社会与新闻
population|ˌpɑːpjuˈleɪʃn|n.|人口|The population is growing steadily.|人口在稳步增长。|社会与新闻
wealth|welθ|n.|财富；资源|The city enjoys great natural wealth.|这座城市拥有丰富的自然资源。|社会与新闻
employment|ɪmˈplɔɪmənt|n.|就业；雇佣|Employment rates have risen this year.|今年就业率有所上升。|社会与新闻
income|ˈɪnkʌm|n.|收入；所得|Her family has a stable income.|她的家庭有稳定的收入。|社会与新闻
opportunity|ˌɑːpərˈtuːnəti|n.|机会；时机|Education creates opportunity for all.|教育为所有人创造机会。|社会与新闻
development|dɪˈveləpmənt|n.|发展；开发|Economic development brings new jobs.|经济发展带来新的就业。|社会与新闻
progress|ˈprɑːɡres|n./v.|进步；进展|The city has made real progress.|这座城市取得了实实在在的进步。|社会与新闻
modern|ˈmɑːdərn|adj.|现代的；新式的|This is a modern city center.|这是个现代化的市中心。|社会与新闻
technology|tekˈnɑːlədʒi|n.|技术；科技|New technology changes our lives.|新技术改变了我们的生活。|社会与新闻
digital|ˈdɪdʒɪtl|adj.|数字的；数码的|Digital news spreads very fast.|数字新闻传播得很快。|社会与新闻
online|ˌɑːnˈlaɪn|adj./adv.|在线的；在线地|People read news online daily.|人们每天在网上看新闻。|社会与新闻
internet|ˈɪntərnet|n.|互联网|The internet connects the whole world.|互联网联结整个世界。|社会与新闻
rumor|ˈruːmər|n.|谣言；传闻|The rumor spread across the city.|谣言传遍了全城。|社会与新闻
release|rɪˈliːs|n./v.|发布；释放|The office released the report today.|办公室今天发布了报告。|社会与新闻
publish|ˈpʌblɪʃ|v.|出版；发表|The paper published the figures.|报纸公布了这些数据。|社会与新闻
information|ˌɪnfərˈmeɪʃn|n.|信息；资料|The website shares useful information.|这个网站分享有用的信息。|社会与新闻
subject|ˈsʌbdʒɪkt|n.|主题；话题|The subject drew much attention.|这个话题引起了很大关注。|社会与新闻
issue|ˈɪʃuː|n.|问题；议题|The issue will be discussed tonight.|这个问题今晚将被讨论。|社会与新闻
matter|ˈmætər|n./v.|事情；要紧|This matter concerns every citizen.|这件事关系到每个公民。|社会与新闻
question|ˈkwestʃən|n./v.|问题；询问|The senator faced a tough question.|参议员面临一个棘手的问题。|社会与新闻
event|ɪˈvent|n.|事件；活动|The event attracted many people.|这场活动吸引了许多人。|社会与新闻
cause|kɔːz|n./v.|原因；引起|The cause of the fire is unknown.|火灾的原因尚不清楚。|社会与新闻
effect|ɪˈfekt|n.|影响；效果|The policy had a broad effect.|这项政策产生了广泛影响。|社会与新闻
solution|səˈluːʃn|n.|解决；答案|We need a quick solution to this.|我们需要一个快速的解决办法。|社会与新闻
problem|ˈprɑːbləm|n.|问题；难题|Housing is a big problem here.|住房是这里的一个大问题。|社会与新闻
responsibility|rɪˌspɑːnsəˈbɪləti|n.|责任；职责|Everyone shares this responsibility.|每个人都分担这份责任。|社会与新闻
duty|ˈduːti|n.|责任；义务|It is our duty to help others.|帮助他人是我们的责任。|社会与新闻
measure|ˈmeʒər|n./v.|措施；测量|New measures were taken to cut crime.|为避免犯罪采取了新措施。|社会与新闻
approach|əˈproʊtʃ|n./v.|方法；靠近|We need a different approach now.|我们现在需要不同的方法。|社会与新闻
method|ˈmeθəd|n.|方法；办法|This method is simple and effective.|这个方法简单而有效。|社会与新闻
deal|diːl|n./v.|交易；处理|They made a deal on the price.|他们就价格达成了交易。|社会与新闻
agreement|əˈɡriːmənt|n.|协议；同意|The two sides reached an agreement.|双方达成了协议。|社会与新闻
contract|ˈkɑːntrækt|n./v.|合同；订立合同|They signed a long contract today.|他们今天签订了一份长期合同。|社会与新闻
negotiation|nɪˌɡoʊʃiˈeɪʃn|n.|谈判；协商|The negotiation lasted all night.|谈判持续了一整夜。|社会与新闻
conflict|ˈkɑːnflɪkt|n.|冲突；矛盾|The conflict between groups continues.|群体之间的冲突仍在继续。|社会与新闻
dispute|dɪˈspjuːt|n./v.|争议；争论|The dispute over land is serious.|土地争议十分严重。|社会与新闻
argument|ˈɑːrɡjumənt|n.|论点；争吵|His argument convinced the audience.|他的论点说服了观众。|社会与新闻
decision|dɪˈsɪʒn|n.|决定；判决|The final decision comes tomorrow.|最终决定明天公布。|社会与新闻
result|rɪˈzʌlt|n./v.|结果；导致|The result surprised many people.|这个结果让许多人感到意外。|社会与新闻
success|səkˈses|n.|成功；成就|The event was a great success.|这次活动取得了巨大成功。|社会与新闻
failure|ˈfeɪljər|n.|失败；故障|The plan ended in failure.|这个计划以失败告终。|社会与新闻
session|ˈseʃn|n.|会议；会期|The council held a special session.|委员会召开了一次特别会议。|社会与新闻
hearing|ˈhɪrɪŋ|n.|听证会；听力|The court held a public hearing.|法院举行了公开听证会。|社会与新闻
charge|tʃɑːrdʒ|n./v.|费用；指控|He was charged with theft.|他被控犯有盗窃罪。|社会与新闻
guilty|ˈɡɪlti|adj.|有罪的；内疚的|The jury found him guilty.|陪审团裁定他有罪。|社会与新闻
innocent|ˈɪnəsnt|adj.|无辜的；清白的|She insisted she was innocent.|她坚称自己是无辜的。|社会与新闻
sentence|ˈsentəns|n./v.|判决；句子|The judge gave him a long sentence.|法官判了他重刑。|社会与新闻
penalty|ˈpenəlti|n.|处罚；罚款|The penalty for cheating is heavy.|作弊的处罚很重。|社会与新闻
punishment|ˈpʌnɪʃmənt|n.|惩罚；处罚|The punishment fits the crime.|惩处与罪行相当。|社会与新闻
jail|dʒeɪl|n./v.|监狱；监禁|He spent a year in jail.|他在狱中呆了一年。|社会与新闻
fine|faɪn|n./adj.|罚款；好的|The driver received a large fine.|司机收到了大额罚单。|社会与新闻
ban|bæn|n./v.|禁令；禁止|The city banned smoking outside.|该市禁止在室外吸烟。|社会与新闻
forbid|fərˈbɪd|v.|禁止；不许|The rules forbid parking here.|规定禁止在此停放车辆。|社会与新闻
permit|pərˈmɪt|n./v.|许可证；准许|You need a permit to hold a rally.|举行集会需要许可证。|社会与新闻
license|ˈlaɪsns|n./v.|执照；许可|He lost his driving license.|他的驾照被吊销了。|社会与新闻
enforce|ɪnˈfɔːrs|v.|执行；实施|The police enforce the laws here.|警察在这里执行法律。|社会与新闻
control|kənˈtroʊl|n./v.|控制；管理|The government controls the prices.|政府控制着价格。|社会与新闻
govern|ˈɡʌvərn|v.|统治；治理|The council governs the city.|市政委员会治理这座城市。|社会与新闻
manage|ˈmænɪdʒ|v.|管理；处理|She manages the public office.|她管理着这个公共机构。|社会与新闻
democratic|ˌdeməˈkrætɪk|adj.|民主的|They live in a democratic country.|他们生活在民主国家。|社会与新闻
vote|voʊt|n./v.|投票；选票|Citizens vote for the mayor.|市民投票选举市长。|社会与新闻
cancel|ˈkænsl|v.|取消；撤销|The meeting was canceled today.|会议今天被取消了。|社会与新闻
delay|dɪˈleɪ|n./v.|推迟；延误|The flight was delayed by fog.|航班因大雾被延误。|社会与新闻
investigate|ɪnˈvestɪɡeɪt|v.|调查；侦查|Police are investigating the robbery.|警方正在调查这起抢劫案。|社会与新闻
investigation|ɪnˌvestɪˈɡeɪʃn|n.|调查|The investigation will take weeks.|这次调查将持续数周。|社会与新闻
expose|ɪkˈspoʊz|v.|揭露；暴露|The report exposed the corruption.|这份报道揭露了腐败。|社会与新闻
reveal|rɪˈviːl|v.|揭示；透露|The records revealed the truth.|这些记录揭示了真相。|社会与新闻
scandal|ˈskændl|n.|丑闻；丑事|The scandal shocked the nation.|这起丑闻震惊全国。|社会与新闻
corruption|kəˈrʌpʃn|n.|腐败；贪污|Corruption harms public trust.|腐败损害公众信任。|社会与新闻
lawmaker|ˈlɔːmeɪkər|n.|立法者；议员|The lawmakers debated the bill.|议员们辩论了这项法案。|社会与新闻
spokesman|ˈspoʊksmən|n.|发言人|The spokesman answered all questions.|发言人对所有问题作出回答。|社会与新闻
