word,date
observe,2026-09-01
academic,2026-09-01
marketing,2026-09-01
auditory,2026-09-01
digital,2026-09-01
delay,2026-09-01
volume,2026-09-01
simulation,2026-09-01
pet,2026-09-01
suppose,2026-09-01
study,2026-09-01
newspaper,2026-09-01
contribute,2026-09-01
cloudy,2026-09-01
mall,2026-09-01
measure,2026-09-01
root,2026-09-01
pharmacy,2026-09-01
examine,2026-09-01
ball,2026-09-01
government,2026-09-01
instrument,2026-09-01
receipt,2026-09-01
professor,2026-09-01
economic,2026-09-01
view,2026-09-01
procedure,2026-09-01
incident,2026-09-01
foreign,2026-09-01
offer,2026-09-01
accident,2026-09-01
convenient,2026-09-01
overall,2026-09-01
payment method,2026-09-01
senate,2026-09-01
productivity,2026-09-01
right,2026-09-01
sample,2026-09-01
currency,2026-09-01
development,2026-09-01
